#
# SQL Export
# Created by Querious (201069)
# Created: 27 January 2021 17.37.19 GMT+7
# Encoding: Unicode (UTF-8)
#


SET @PREVIOUS_FOREIGN_KEY_CHECKS = @@FOREIGN_KEY_CHECKS;
SET FOREIGN_KEY_CHECKS = 0;


DROP TABLE IF EXISTS `users_throttling`;
DROP TABLE IF EXISTS `users_resets`;
DROP TABLE IF EXISTS `users_remembered`;
DROP TABLE IF EXISTS `users_confirmations`;
DROP TABLE IF EXISTS `users`;
DROP TABLE IF EXISTS `transaksi`;
DROP TABLE IF EXISTS `prediksi`;
DROP TABLE IF EXISTS `pegawai`;
DROP TABLE IF EXISTS `laporan`;
DROP TABLE IF EXISTS `barang`;


CREATE TABLE `barang` (
  `id_barang` int NOT NULL AUTO_INCREMENT,
  `nama_barang` varchar(128) CHARACTER SET utf8 COLLATE utf8_general_ci NOT NULL DEFAULT '',
  `satuan` varchar(128) CHARACTER SET utf8 COLLATE utf8_general_ci NOT NULL DEFAULT '',
  `harga_barang` int NOT NULL DEFAULT '0',
  `stok` int DEFAULT '0',
  `created_at` datetime DEFAULT NULL,
  `modified_at` datetime DEFAULT NULL,
  PRIMARY KEY (`id_barang`)
) ENGINE=InnoDB AUTO_INCREMENT=36 DEFAULT CHARSET=utf8;


CREATE TABLE `laporan` (
  `id_laporan` int NOT NULL AUTO_INCREMENT,
  `id_barang` int DEFAULT '0',
  `stok_awal` int DEFAULT '0',
  `jumlah_pengambilan` int DEFAULT '0',
  `jumlah_penambahan` int DEFAULT '0',
  `stok_akhir` int DEFAULT '0',
  `harga_barang` int DEFAULT '0',
  `periode_bulan` date DEFAULT NULL,
  `created_at` datetime DEFAULT NULL,
  `modified_at` datetime DEFAULT NULL,
  PRIMARY KEY (`id_laporan`)
) ENGINE=InnoDB AUTO_INCREMENT=141 DEFAULT CHARSET=utf8;


CREATE TABLE `pegawai` (
  `id_pegawai` int NOT NULL AUTO_INCREMENT,
  `nama_pegawai` varchar(128) CHARACTER SET utf8 COLLATE utf8_general_ci DEFAULT NULL,
  `bagian` varchar(128) CHARACTER SET utf8 COLLATE utf8_general_ci DEFAULT NULL,
  `id` int DEFAULT '0',
  PRIMARY KEY (`id_pegawai`)
) ENGINE=InnoDB AUTO_INCREMENT=11 DEFAULT CHARSET=utf8;


CREATE TABLE `prediksi` (
  `id_prediksi` int NOT NULL AUTO_INCREMENT,
  `id_barang` int DEFAULT '0',
  `jumlah` int DEFAULT '0',
  `bulan_periode` date DEFAULT NULL,
  `created_at` datetime DEFAULT NULL,
  PRIMARY KEY (`id_prediksi`)
) ENGINE=InnoDB DEFAULT CHARSET=utf8;


CREATE TABLE `transaksi` (
  `id_transaksi` int NOT NULL AUTO_INCREMENT,
  `id_pegawai` int DEFAULT '0',
  `id_barang` int DEFAULT '0',
  `jenis` varchar(128) CHARACTER SET utf8 COLLATE utf8_general_ci DEFAULT '0',
  `jumlah` int NOT NULL DEFAULT '0',
  `created_at` datetime DEFAULT NULL,
  PRIMARY KEY (`id_transaksi`)
) ENGINE=InnoDB AUTO_INCREMENT=281 DEFAULT CHARSET=utf8;


CREATE TABLE `users` (
  `id` int unsigned NOT NULL AUTO_INCREMENT,
  `email` varchar(249) CHARACTER SET utf8mb4 COLLATE utf8mb4_unicode_ci NOT NULL,
  `password` varchar(255) CHARACTER SET latin1 COLLATE latin1_general_cs NOT NULL,
  `username` varchar(100) CHARACTER SET utf8mb4 COLLATE utf8mb4_unicode_ci DEFAULT NULL,
  `status` tinyint unsigned NOT NULL DEFAULT '0',
  `verified` tinyint unsigned NOT NULL DEFAULT '0',
  `resettable` tinyint unsigned NOT NULL DEFAULT '1',
  `roles_mask` int unsigned NOT NULL DEFAULT '0',
  `registered` int unsigned NOT NULL,
  `last_login` int unsigned DEFAULT NULL,
  `force_logout` mediumint unsigned NOT NULL DEFAULT '0',
  PRIMARY KEY (`id`),
  UNIQUE KEY `email` (`email`)
) ENGINE=MyISAM AUTO_INCREMENT=9 DEFAULT CHARSET=utf8mb4 COLLATE=utf8mb4_unicode_ci;


CREATE TABLE `users_confirmations` (
  `id` int unsigned NOT NULL AUTO_INCREMENT,
  `user_id` int unsigned NOT NULL,
  `email` varchar(249) CHARACTER SET utf8mb4 COLLATE utf8mb4_unicode_ci NOT NULL,
  `selector` varchar(16) CHARACTER SET latin1 COLLATE latin1_general_cs NOT NULL,
  `token` varchar(255) CHARACTER SET latin1 COLLATE latin1_general_cs NOT NULL,
  `expires` int unsigned NOT NULL,
  PRIMARY KEY (`id`),
  UNIQUE KEY `selector` (`selector`),
  KEY `email_expires` (`email`,`expires`),
  KEY `user_id` (`user_id`)
) ENGINE=MyISAM DEFAULT CHARSET=utf8mb4 COLLATE=utf8mb4_unicode_ci;


CREATE TABLE `users_remembered` (
  `id` bigint unsigned NOT NULL AUTO_INCREMENT,
  `user` int unsigned NOT NULL,
  `selector` varchar(24) CHARACTER SET latin1 COLLATE latin1_general_cs NOT NULL,
  `token` varchar(255) CHARACTER SET latin1 COLLATE latin1_general_cs NOT NULL,
  `expires` int unsigned NOT NULL,
  PRIMARY KEY (`id`),
  UNIQUE KEY `selector` (`selector`),
  KEY `user` (`user`)
) ENGINE=MyISAM DEFAULT CHARSET=utf8mb4 COLLATE=utf8mb4_unicode_ci;


CREATE TABLE `users_resets` (
  `id` bigint unsigned NOT NULL AUTO_INCREMENT,
  `user` int unsigned NOT NULL,
  `selector` varchar(20) CHARACTER SET latin1 COLLATE latin1_general_cs NOT NULL,
  `token` varchar(255) CHARACTER SET latin1 COLLATE latin1_general_cs NOT NULL,
  `expires` int unsigned NOT NULL,
  PRIMARY KEY (`id`),
  UNIQUE KEY `selector` (`selector`),
  KEY `user_expires` (`user`,`expires`)
) ENGINE=MyISAM DEFAULT CHARSET=utf8mb4 COLLATE=utf8mb4_unicode_ci;


CREATE TABLE `users_throttling` (
  `bucket` varchar(44) CHARACTER SET latin1 COLLATE latin1_general_cs NOT NULL,
  `tokens` float unsigned NOT NULL,
  `replenished_at` int unsigned NOT NULL,
  `expires_at` int unsigned NOT NULL,
  PRIMARY KEY (`bucket`),
  KEY `expires_at` (`expires_at`)
) ENGINE=MyISAM DEFAULT CHARSET=utf8mb4 COLLATE=utf8mb4_unicode_ci;




SET FOREIGN_KEY_CHECKS = @PREVIOUS_FOREIGN_KEY_CHECKS;


SET @PREVIOUS_FOREIGN_KEY_CHECKS = @@FOREIGN_KEY_CHECKS;
SET FOREIGN_KEY_CHECKS = 0;


LOCK TABLES `barang` WRITE;
ALTER TABLE `barang` DISABLE KEYS;
INSERT INTO `barang` (`id_barang`, `nama_barang`, `satuan`, `harga_barang`, `stok`, `created_at`, `modified_at`) VALUES 
	(1,'Ball Point  tempel ','buah',5425,18,'2019-09-01 12:12:12','2021-01-26 13:06:43'),
	(2,'Bolpen faber castell 0,7','buah',1650,0,'2019-09-01 12:12:12','2021-01-26 13:06:43'),
	(3,'Bolpoint  gel kenko ','buah',2100,65,'2019-09-01 12:12:12','2021-01-26 13:06:43'),
	(4,'Isi Steples  Besar ','dus',3000,40,'2019-09-01 12:12:12','2021-01-26 13:06:43'),
	(5,'Isi  Steples  Kecil ','dus',1500,25,'2019-09-01 12:12:12','2021-01-26 13:06:43'),
	(6,'Spidol  kecil ','buah',1500,16,'2019-09-01 12:12:12','2021-01-26 13:06:43'),
	(7,'Spidol besar permanen','buah',5100,7,'2019-09-01 12:12:12','2021-01-26 13:06:43'),
	(8,'Pos it Kecil  653 (40 x 50)','dus',9000,12,'2019-09-01 12:12:12','2021-01-26 13:06:43'),
	(9,'Pos it sedang (50 x 75 )','dus',6000,12,'2019-09-01 12:12:12','2021-01-26 13:06:43'),
	(10,'post it warna 76x76 mm','dus',6500,28,'2019-09-01 12:12:12','2021-01-26 13:06:43'),
	(11,'Lem Glue Stick Kenko','buah',3000,13,'2019-09-01 12:12:12','2021-01-26 13:06:43'),
	(12,'Panasonik   AAA','buah',1400,4,'2019-09-01 12:12:12','2021-01-26 13:06:44'),
	(13,'Panasonik   AA','buah',1675,8,'2019-09-01 12:12:12','2021-01-26 13:06:44'),
	(14,'Baterai kotak ','buah',7500,1,'2019-09-01 12:12:12','2021-01-26 13:06:44'),
	(15,'Binder Clip  260','buah',3100,1,'2019-09-01 12:12:12','2021-01-26 13:06:44'),
	(16,'Binder Clip  200','buah',5000,6,'2019-09-01 12:12:12','2021-01-26 13:06:44'),
	(17,'binder Clip  155','buah',5000,4,'2019-09-01 12:12:12','2021-01-26 13:06:44'),
	(18,'Binder Clip  111','buah',5000,6,'2019-09-01 12:12:12','2021-01-26 13:06:44'),
	(19,'Binder Clip  107','buah',3000,9,'2019-09-01 12:12:12','2021-01-26 13:06:44'),
	(20,'Binder Clip  105','buah',2280,2,'2019-09-01 12:12:12','2021-01-26 13:06:44'),
	(21,'Plastik laminating ','buah',2000,100,'2019-09-01 12:12:12','2021-01-26 13:06:44'),
	(22,'Odnes Folio ','buah',4000,10,'2019-09-01 12:12:12','2021-01-26 13:06:44'),
	(23,'odnes 1/2 folio ','buah',4000,0,'2019-09-01 12:12:12','2021-01-26 13:06:44'),
	(24,'latban jilid hitam kecil 23 mm xm','buah',10000,6,'2019-09-01 12:12:12','2021-01-26 13:06:44'),
	(25,'latban jilid hitam sedang 35 mm xm','buah',11000,6,'2019-09-01 12:12:12','2021-01-26 13:06:44'),
	(26,'latban jilid hitam besar 46 mm xm','buah',12000,6,'2019-09-01 12:12:12','2021-01-26 13:06:44'),
	(27,'latban  bening  ','buah',10000,6,'2019-09-01 12:12:12','2021-01-26 13:06:44'),
	(28,'Isolasi  1/2x 72 ','buah',3000,0,'2019-09-01 12:12:12','2021-01-26 13:06:44'),
	(29,'Isolasi  double tape kecil putih','buah',4000,1,'2019-09-01 12:12:12','2021-01-26 13:06:44'),
	(30,'Isolasi  double tape sedang putih ','buah',5000,0,'2019-09-01 12:12:12','2021-01-26 13:06:44'),
	(31,'Isolasi  double tape kecil hijau','buah',4000,0,'2019-09-01 12:12:12','2021-01-26 13:06:44'),
	(32,'Isolasi  double tape sedang hijau','buah',4000,2,'2019-09-01 12:12:12','2021-01-26 13:06:44'),
	(33,'kertas  Antrian  ','buah',4000,27,'2019-09-01 12:12:12','2021-01-26 13:06:44'),
	(34,'Renover  Kangoro ','buah',2000,3,'2019-09-01 12:12:12','2021-01-26 13:06:44'),
	(35,'Tipe x','buah',2000,13,'2019-09-01 12:12:12','2021-01-26 13:06:44');
ALTER TABLE `barang` ENABLE KEYS;
UNLOCK TABLES;


LOCK TABLES `laporan` WRITE;
ALTER TABLE `laporan` DISABLE KEYS;
INSERT INTO `laporan` (`id_laporan`, `id_barang`, `stok_awal`, `jumlah_pengambilan`, `jumlah_penambahan`, `stok_akhir`, `harga_barang`, `periode_bulan`, `created_at`, `modified_at`) VALUES 
	(1,1,9,8,0,1,5425,'2019-09-01','2019-09-01 12:12:12','2019-09-01 12:12:12'),
	(2,2,0,11,24,13,1650,'2019-09-01','2019-09-01 12:12:12','2019-09-01 12:12:12'),
	(3,3,21,6,12,27,2100,'2019-09-01','2019-09-01 12:12:12','2019-09-01 12:12:12'),
	(4,4,14,7,10,17,3000,'2019-09-01','2019-09-01 12:12:12','2019-09-01 12:12:12'),
	(5,5,26,7,0,19,1500,'2019-09-01','2019-09-01 12:12:12','2019-09-01 12:12:12'),
	(6,6,2,1,0,1,1500,'2019-09-01','2019-09-01 12:12:12','2019-09-01 12:12:12'),
	(7,7,1,3,12,10,5100,'2019-09-01','2019-09-01 12:12:12','2019-09-01 12:12:12'),
	(8,8,6,2,0,4,9000,'2019-09-01','2019-09-01 12:12:12','2019-09-01 12:12:12'),
	(9,9,10,5,0,5,6000,'2019-09-01','2019-09-01 12:12:12','2019-09-01 12:12:12'),
	(10,10,8,3,0,5,6500,'2019-09-01','2019-09-01 12:12:12','2019-09-01 12:12:12'),
	(11,11,7,7,0,0,3000,'2019-09-01','2019-09-01 12:12:12','2019-09-01 12:12:12'),
	(12,12,8,3,12,17,1400,'2019-09-01','2019-09-01 12:12:12','2019-09-01 12:12:12'),
	(13,13,10,4,20,26,1675,'2019-09-01','2019-09-01 12:12:12','2019-09-01 12:12:12'),
	(14,14,3,0,12,15,7500,'2019-09-01','2019-09-01 12:12:12','2019-09-01 12:12:12'),
	(15,15,1,1,5,5,3100,'2019-09-01','2019-09-01 12:12:12','2019-09-01 12:12:12'),
	(16,16,3,0,5,8,5000,'2019-09-01','2019-09-01 12:12:12','2019-09-01 12:12:12'),
	(17,17,7,0,0,7,5000,'2019-09-01','2019-09-01 12:12:12','2019-09-01 12:12:12'),
	(18,18,14,2,0,12,5000,'2019-09-01','2019-09-01 12:12:12','2019-09-01 12:12:12'),
	(19,19,12,3,0,9,3000,'2019-09-01','2019-09-01 12:12:12','2019-09-01 12:12:12'),
	(20,20,8,3,5,10,2280,'2019-09-01','2019-09-01 12:12:12','2019-09-01 12:12:12'),
	(21,21,1,1,0,0,2000,'2019-09-01','2019-09-01 12:12:12','2019-09-01 12:12:12'),
	(22,22,5,4,12,13,4000,'2019-09-01','2019-09-01 12:12:12','2019-09-01 12:12:12'),
	(23,23,0,0,0,0,4000,'2019-09-01','2019-09-01 12:12:12','2019-09-01 12:12:12'),
	(24,24,1,0,0,1,10000,'2019-09-01','2019-09-01 12:12:12','2019-09-01 12:12:12'),
	(25,25,3,2,0,1,11000,'2019-09-01','2019-09-01 12:12:12','2019-09-01 12:12:12'),
	(26,26,1,0,0,1,12000,'2019-09-01','2019-09-01 12:12:12','2019-09-01 12:12:12'),
	(27,27,7,1,0,6,10000,'2019-09-01','2019-09-01 12:12:12','2019-09-01 12:12:12'),
	(28,28,1,0,0,1,3000,'2019-09-01','2019-09-01 12:12:12','2019-09-01 12:12:12'),
	(29,29,9,5,0,4,4000,'2019-09-01','2019-09-01 12:12:12','2019-09-01 12:12:12'),
	(30,30,6,0,0,6,5000,'2019-09-01','2019-09-01 12:12:12','2019-09-01 12:12:12'),
	(31,31,0,0,0,0,4000,'2019-09-01','2019-09-01 12:12:12','2019-09-01 12:12:12'),
	(32,32,7,3,0,4,4000,'2019-09-01','2019-09-01 12:12:12','2019-09-01 12:12:12'),
	(33,33,9,3,0,6,4000,'2019-09-01','2019-09-01 12:12:12','2019-09-01 12:12:12'),
	(34,34,3,0,0,3,2000,'2019-09-01','2019-09-01 12:12:12','2019-09-01 12:12:12'),
	(35,35,12,0,0,12,2000,'2019-09-01','2019-09-01 12:12:12','2019-09-01 12:12:12'),
	(36,1,1,0,0,1,5425,'2019-10-01','2019-10-01 12:12:12','2019-10-01 12:12:12'),
	(37,1,1,0,6,7,5425,'2019-11-01','2019-11-01 12:12:12','2019-11-01 12:12:12'),
	(38,1,1,13,24,12,5425,'2019-12-01','2019-12-01 12:12:12','2019-12-01 12:12:12'),
	(39,2,-11,0,0,-11,1650,'2019-10-01','2019-10-01 12:12:12','2019-10-01 12:12:12'),
	(40,2,-11,13,0,-24,1650,'2019-11-01','2019-11-01 12:12:12','2019-11-01 12:12:12'),
	(41,2,-24,0,0,-24,1650,'2019-12-01','2019-12-01 12:12:12','2019-12-01 12:12:12'),
	(42,3,15,15,24,24,2100,'2019-10-01','2019-10-01 12:12:12','2019-10-01 12:12:12'),
	(43,3,0,16,0,-16,2100,'2019-11-01','2019-11-01 12:12:12','2019-11-01 12:12:12'),
	(44,3,-16,15,60,29,2100,'2019-12-01','2019-12-01 12:12:12','2019-12-01 12:12:12'),
	(45,4,7,7,20,20,3000,'2019-10-01','2019-10-01 12:12:12','2019-10-01 12:12:12'),
	(46,4,0,4,0,-4,3000,'2019-11-01','2019-11-01 12:12:12','2019-11-01 12:12:12'),
	(47,4,-4,6,20,10,3000,'2019-12-01','2019-12-01 12:12:12','2019-12-01 12:12:12'),
	(48,5,19,9,20,30,1500,'2019-10-01','2019-10-01 12:12:12','2019-10-01 12:12:12'),
	(49,5,10,8,0,2,1500,'2019-11-01','2019-11-01 12:12:12','2019-11-01 12:12:12'),
	(50,5,2,7,10,5,1500,'2019-12-01','2019-12-01 12:12:12','2019-12-01 12:12:12'),
	(51,6,1,0,15,16,1500,'2019-10-01','2019-10-01 12:12:12','2019-10-01 12:12:12'),
	(52,6,1,0,0,1,1500,'2019-11-01','2019-11-01 12:12:12','2019-11-01 12:12:12'),
	(53,6,1,0,0,1,1500,'2019-12-01','2019-12-01 12:12:12','2019-12-01 12:12:12'),
	(54,7,-2,0,0,-2,5100,'2019-10-01','2019-10-01 12:12:12','2019-10-01 12:12:12'),
	(55,7,-2,1,0,-3,5100,'2019-11-01','2019-11-01 12:12:12','2019-11-01 12:12:12'),
	(56,7,-3,2,0,-5,5100,'2019-12-01','2019-12-01 12:12:12','2019-12-01 12:12:12'),
	(57,8,4,3,15,16,9000,'2019-10-01','2019-10-01 12:12:12','2019-10-01 12:12:12'),
	(58,8,1,0,0,1,9000,'2019-11-01','2019-11-01 12:12:12','2019-11-01 12:12:12'),
	(59,8,1,4,0,-3,9000,'2019-12-01','2019-12-01 12:12:12','2019-12-01 12:12:12'),
	(60,9,5,0,10,15,6000,'2019-10-01','2019-10-01 12:12:12','2019-10-01 12:12:12'),
	(61,9,5,0,0,5,6000,'2019-11-01','2019-11-01 12:12:12','2019-11-01 12:12:12'),
	(62,9,5,3,0,2,6000,'2019-12-01','2019-12-01 12:12:12','2019-12-01 12:12:12'),
	(63,10,5,0,12,17,6500,'2019-10-01','2019-10-01 12:12:12','2019-10-01 12:12:12'),
	(64,10,5,8,0,-3,6500,'2019-11-01','2019-11-01 12:12:12','2019-11-01 12:12:12'),
	(65,10,-3,5,24,16,6500,'2019-12-01','2019-12-01 12:12:12','2019-12-01 12:12:12'),
	(66,11,0,0,24,24,3000,'2019-10-01','2019-10-01 12:12:12','2019-10-01 12:12:12'),
	(67,11,0,11,0,-11,3000,'2019-11-01','2019-11-01 12:12:12','2019-11-01 12:12:12'),
	(68,11,-11,0,0,-11,3000,'2019-12-01','2019-12-01 12:12:12','2019-12-01 12:12:12'),
	(69,12,5,1,12,16,1400,'2019-10-01','2019-10-01 12:12:12','2019-10-01 12:12:12'),
	(70,12,4,8,0,-4,1400,'2019-11-01','2019-11-01 12:12:12','2019-11-01 12:12:12'),
	(71,12,-4,16,0,-20,1400,'2019-12-01','2019-12-01 12:12:12','2019-12-01 12:12:12'),
	(72,13,6,14,12,4,1675,'2019-10-01','2019-10-01 12:12:12','2019-10-01 12:12:12'),
	(73,13,-8,11,0,-19,1675,'2019-11-01','2019-11-01 12:12:12','2019-11-01 12:12:12'),
	(74,13,-19,5,0,-24,1675,'2019-12-01','2019-12-01 12:12:12','2019-12-01 12:12:12'),
	(75,14,3,0,0,3,7500,'2019-10-01','2019-10-01 12:12:12','2019-10-01 12:12:12'),
	(76,14,3,2,0,1,7500,'2019-11-01','2019-11-01 12:12:12','2019-11-01 12:12:12'),
	(77,14,1,12,0,-11,7500,'2019-12-01','2019-12-01 12:12:12','2019-12-01 12:12:12'),
	(78,15,0,0,0,0,3100,'2019-10-01','2019-10-01 12:12:12','2019-10-01 12:12:12'),
	(79,15,0,1,0,-1,3100,'2019-11-01','2019-11-01 12:12:12','2019-11-01 12:12:12'),
	(80,15,-1,3,0,-4,3100,'2019-12-01','2019-12-01 12:12:12','2019-12-01 12:12:12'),
	(81,16,3,0,0,3,5000,'2019-10-01','2019-10-01 12:12:12','2019-10-01 12:12:12'),
	(82,16,3,1,0,2,5000,'2019-11-01','2019-11-01 12:12:12','2019-11-01 12:12:12'),
	(83,16,2,7,6,1,5000,'2019-12-01','2019-12-01 12:12:12','2019-12-01 12:12:12'),
	(84,17,7,0,12,19,5000,'2019-10-01','2019-10-01 12:12:12','2019-10-01 12:12:12'),
	(85,17,7,4,0,3,5000,'2019-11-01','2019-11-01 12:12:12','2019-11-01 12:12:12'),
	(86,17,3,11,0,-8,5000,'2019-12-01','2019-12-01 12:12:12','2019-12-01 12:12:12'),
	(87,18,12,0,0,12,5000,'2019-10-01','2019-10-01 12:12:12','2019-10-01 12:12:12'),
	(88,18,12,3,0,9,5000,'2019-11-01','2019-11-01 12:12:12','2019-11-01 12:12:12'),
	(89,18,9,3,0,6,5000,'2019-12-01','2019-12-01 12:12:12','2019-12-01 12:12:12'),
	(90,19,9,0,12,21,3000,'2019-10-01','2019-10-01 12:12:12','2019-10-01 12:12:12'),
	(91,19,9,3,0,6,3000,'2019-11-01','2019-11-01 12:12:12','2019-11-01 12:12:12'),
	(92,19,6,9,0,-3,3000,'2019-12-01','2019-12-01 12:12:12','2019-12-01 12:12:12'),
	(93,20,5,0,12,17,2280,'2019-10-01','2019-10-01 12:12:12','2019-10-01 12:12:12'),
	(94,20,5,3,0,2,2280,'2019-11-01','2019-11-01 12:12:12','2019-11-01 12:12:12'),
	(95,20,2,17,0,-15,2280,'2019-12-01','2019-12-01 12:12:12','2019-12-01 12:12:12'),
	(96,21,0,0,1,1,2000,'2019-10-01','2019-10-01 12:12:12','2019-10-01 12:12:12'),
	(97,21,0,0,0,0,2000,'2019-11-01','2019-11-01 12:12:12','2019-11-01 12:12:12'),
	(98,21,0,21,120,99,2000,'2019-12-01','2019-12-01 12:12:12','2019-12-01 12:12:12'),
	(99,22,1,0,0,1,4000,'2019-10-01','2019-10-01 12:12:12','2019-10-01 12:12:12'),
	(100,22,1,3,0,-2,4000,'2019-11-01','2019-11-01 12:12:12','2019-11-01 12:12:12'),
	(101,22,-2,0,0,-2,4000,'2019-12-01','2019-12-01 12:12:12','2019-12-01 12:12:12'),
	(102,23,0,0,0,0,4000,'2019-10-01','2019-10-01 12:12:12','2019-10-01 12:12:12'),
	(103,23,0,0,0,0,4000,'2019-11-01','2019-11-01 12:12:12','2019-11-01 12:12:12'),
	(104,23,0,0,0,0,4000,'2019-12-01','2019-12-01 12:12:12','2019-12-01 12:12:12'),
	(105,24,1,0,5,6,10000,'2019-10-01','2019-10-01 12:12:12','2019-10-01 12:12:12'),
	(106,24,1,0,0,1,10000,'2019-11-01','2019-11-01 12:12:12','2019-11-01 12:12:12'),
	(107,24,1,0,0,1,10000,'2019-12-01','2019-12-01 12:12:12','2019-12-01 12:12:12'),
	(108,25,1,0,5,6,11000,'2019-10-01','2019-10-01 12:12:12','2019-10-01 12:12:12'),
	(109,25,1,0,0,1,11000,'2019-11-01','2019-11-01 12:12:12','2019-11-01 12:12:12'),
	(110,25,1,0,0,1,11000,'2019-12-01','2019-12-01 12:12:12','2019-12-01 12:12:12'),
	(111,26,1,0,5,6,12000,'2019-10-01','2019-10-01 12:12:12','2019-10-01 12:12:12'),
	(112,26,1,0,0,1,12000,'2019-11-01','2019-11-01 12:12:12','2019-11-01 12:12:12'),
	(113,26,1,0,0,1,12000,'2019-12-01','2019-12-01 12:12:12','2019-12-01 12:12:12'),
	(114,27,6,0,0,6,10000,'2019-10-01','2019-10-01 12:12:12','2019-10-01 12:12:12'),
	(115,27,6,0,0,6,10000,'2019-11-01','2019-11-01 12:12:12','2019-11-01 12:12:12'),
	(116,27,6,0,0,6,10000,'2019-12-01','2019-12-01 12:12:12','2019-12-01 12:12:12'),
	(117,28,1,0,0,1,3000,'2019-10-01','2019-10-01 12:12:12','2019-10-01 12:12:12'),
	(118,28,1,1,0,0,3000,'2019-11-01','2019-11-01 12:12:12','2019-11-01 12:12:12'),
	(119,28,0,0,0,0,3000,'2019-12-01','2019-12-01 12:12:12','2019-12-01 12:12:12'),
	(120,29,4,0,0,4,4000,'2019-10-01','2019-10-01 12:12:12','2019-10-01 12:12:12'),
	(121,29,4,0,0,4,4000,'2019-11-01','2019-11-01 12:12:12','2019-11-01 12:12:12'),
	(122,29,4,3,0,1,4000,'2019-12-01','2019-12-01 12:12:12','2019-12-01 12:12:12'),
	(123,30,6,0,0,6,5000,'2019-10-01','2019-10-01 12:12:12','2019-10-01 12:12:12'),
	(124,30,6,2,0,4,5000,'2019-11-01','2019-11-01 12:12:12','2019-11-01 12:12:12'),
	(125,30,4,4,0,0,5000,'2019-12-01','2019-12-01 12:12:12','2019-12-01 12:12:12'),
	(126,31,0,0,0,0,4000,'2019-10-01','2019-10-01 12:12:12','2019-10-01 12:12:12'),
	(127,31,0,0,0,0,4000,'2019-11-01','2019-11-01 12:12:12','2019-11-01 12:12:12'),
	(128,31,0,0,0,0,4000,'2019-12-01','2019-12-01 12:12:12','2019-12-01 12:12:12'),
	(129,32,4,0,0,4,4000,'2019-10-01','2019-10-01 12:12:12','2019-10-01 12:12:12'),
	(130,32,4,1,0,3,4000,'2019-11-01','2019-11-01 12:12:12','2019-11-01 12:12:12'),
	(131,32,3,1,0,2,4000,'2019-12-01','2019-12-01 12:12:12','2019-12-01 12:12:12'),
	(132,33,6,2,10,14,4000,'2019-10-01','2019-10-01 12:12:12','2019-10-01 12:12:12'),
	(133,33,4,5,0,-1,4000,'2019-11-01','2019-11-01 12:12:12','2019-11-01 12:12:12'),
	(134,33,-1,6,24,17,4000,'2019-12-01','2019-12-01 12:12:12','2019-12-01 12:12:12'),
	(135,34,3,0,0,3,2000,'2019-10-01','2019-10-01 12:12:12','2019-10-01 12:12:12'),
	(136,34,3,1,0,2,2000,'2019-11-01','2019-11-01 12:12:12','2019-11-01 12:12:12'),
	(137,34,2,4,5,3,2000,'2019-12-01','2019-12-01 12:12:12','2019-12-01 12:12:12'),
	(138,35,12,0,0,12,2000,'2019-10-01','2019-10-01 12:12:12','2019-10-01 12:12:12'),
	(139,35,12,0,0,12,2000,'2019-11-01','2019-11-01 12:12:12','2019-11-01 12:12:12'),
	(140,35,12,4,5,13,2000,'2019-12-01','2019-12-01 12:12:12','2019-12-01 12:12:12');
ALTER TABLE `laporan` ENABLE KEYS;
UNLOCK TABLES;


LOCK TABLES `pegawai` WRITE;
ALTER TABLE `pegawai` DISABLE KEYS;
INSERT INTO `pegawai` (`id_pegawai`, `nama_pegawai`, `bagian`, `id`) VALUES 
	(1,'Admin','Administrator',6),
	(2,'Waritsu','Staff Bagian Umum',7),
	(3,'Husein Arbi','Kepala Bagian Umum',8);
ALTER TABLE `pegawai` ENABLE KEYS;
UNLOCK TABLES;


LOCK TABLES `prediksi` WRITE;
ALTER TABLE `prediksi` DISABLE KEYS;
ALTER TABLE `prediksi` ENABLE KEYS;
UNLOCK TABLES;


LOCK TABLES `transaksi` WRITE;
ALTER TABLE `transaksi` DISABLE KEYS;
INSERT INTO `transaksi` (`id_transaksi`, `id_pegawai`, `id_barang`, `jenis`, `jumlah`, `created_at`) VALUES 
	(1,2,1,'pengambilan',8,'2019-09-01 12:12:12'),
	(2,2,1,'pengambilan',0,'2019-10-01 12:12:12'),
	(3,2,1,'pengambilan',0,'2019-11-01 12:12:12'),
	(4,2,1,'pengambilan',13,'2019-12-01 12:12:12'),
	(5,2,2,'pengambilan',11,'2019-09-01 12:12:13'),
	(6,2,2,'pengambilan',0,'2019-10-01 12:12:13'),
	(7,2,2,'pengambilan',13,'2019-11-01 12:12:13'),
	(8,2,2,'pengambilan',0,'2019-12-01 12:12:13'),
	(9,2,3,'pengambilan',6,'2019-09-01 12:12:13'),
	(10,2,3,'pengambilan',15,'2019-10-01 12:12:13'),
	(11,2,3,'pengambilan',16,'2019-11-01 12:12:13'),
	(12,2,3,'pengambilan',15,'2019-12-01 12:12:13'),
	(13,2,4,'pengambilan',7,'2019-09-01 12:12:14'),
	(14,2,4,'pengambilan',7,'2019-10-01 12:12:14'),
	(15,2,4,'pengambilan',4,'2019-11-01 12:12:14'),
	(16,2,4,'pengambilan',6,'2019-12-01 12:12:14'),
	(17,2,5,'pengambilan',7,'2019-09-01 12:12:14'),
	(18,2,5,'pengambilan',9,'2019-10-01 12:12:14'),
	(19,2,5,'pengambilan',8,'2019-11-01 12:12:14'),
	(20,2,5,'pengambilan',7,'2019-12-01 12:12:14'),
	(21,2,6,'pengambilan',1,'2019-09-01 12:12:15'),
	(22,2,6,'pengambilan',0,'2019-10-01 12:12:15'),
	(23,2,6,'pengambilan',0,'2019-11-01 12:12:15'),
	(24,2,6,'pengambilan',0,'2019-12-01 12:12:15'),
	(25,2,7,'pengambilan',3,'2019-09-01 12:12:15'),
	(26,2,7,'pengambilan',0,'2019-10-01 12:12:15'),
	(27,2,7,'pengambilan',1,'2019-11-01 12:12:15'),
	(28,2,7,'pengambilan',2,'2019-12-01 12:12:15'),
	(29,2,8,'pengambilan',2,'2019-09-01 12:12:16'),
	(30,2,8,'pengambilan',3,'2019-10-01 12:12:16'),
	(31,2,8,'pengambilan',0,'2019-11-01 12:12:16'),
	(32,2,8,'pengambilan',4,'2019-12-01 12:12:16'),
	(33,2,9,'pengambilan',5,'2019-09-01 12:12:16'),
	(34,2,9,'pengambilan',0,'2019-10-01 12:12:16'),
	(35,2,9,'pengambilan',0,'2019-11-01 12:12:16'),
	(36,2,9,'pengambilan',3,'2019-12-01 12:12:16'),
	(37,2,10,'pengambilan',3,'2019-09-01 12:12:17'),
	(38,2,10,'pengambilan',0,'2019-10-01 12:12:17'),
	(39,2,10,'pengambilan',8,'2019-11-01 12:12:17'),
	(40,2,10,'pengambilan',5,'2019-12-01 12:12:17'),
	(41,2,11,'pengambilan',7,'2019-09-01 12:12:17'),
	(42,2,11,'pengambilan',0,'2019-10-01 12:12:17'),
	(43,2,11,'pengambilan',11,'2019-11-01 12:12:17'),
	(44,2,11,'pengambilan',0,'2019-12-01 12:12:17'),
	(45,2,12,'pengambilan',3,'2019-09-01 12:12:18'),
	(46,2,12,'pengambilan',1,'2019-10-01 12:12:18'),
	(47,2,12,'pengambilan',8,'2019-11-01 12:12:18'),
	(48,2,12,'pengambilan',16,'2019-12-01 12:12:18'),
	(49,2,13,'pengambilan',4,'2019-09-01 12:12:18'),
	(50,2,13,'pengambilan',14,'2019-10-01 12:12:18'),
	(51,2,13,'pengambilan',11,'2019-11-01 12:12:18'),
	(52,2,13,'pengambilan',5,'2019-12-01 12:12:18'),
	(53,2,14,'pengambilan',0,'2019-09-01 12:12:19'),
	(54,2,14,'pengambilan',0,'2019-10-01 12:12:19'),
	(55,2,14,'pengambilan',2,'2019-11-01 12:12:19'),
	(56,2,14,'pengambilan',12,'2019-12-01 12:12:19'),
	(57,2,15,'pengambilan',1,'2019-09-01 12:12:19'),
	(58,2,15,'pengambilan',0,'2019-10-01 12:12:19'),
	(59,2,15,'pengambilan',1,'2019-11-01 12:12:19'),
	(60,2,15,'pengambilan',3,'2019-12-01 12:12:19'),
	(61,2,16,'pengambilan',0,'2019-09-01 12:12:20'),
	(62,2,16,'pengambilan',0,'2019-10-01 12:12:20'),
	(63,2,16,'pengambilan',1,'2019-11-01 12:12:20'),
	(64,2,16,'pengambilan',7,'2019-12-01 12:12:20'),
	(65,2,17,'pengambilan',0,'2019-09-01 12:12:20'),
	(66,2,17,'pengambilan',0,'2019-10-01 12:12:20'),
	(67,2,17,'pengambilan',4,'2019-11-01 12:12:20'),
	(68,2,17,'pengambilan',11,'2019-12-01 12:12:20'),
	(69,2,18,'pengambilan',2,'2019-09-01 12:12:21'),
	(70,2,18,'pengambilan',0,'2019-10-01 12:12:21'),
	(71,2,18,'pengambilan',3,'2019-11-01 12:12:21'),
	(72,2,18,'pengambilan',3,'2019-12-01 12:12:21'),
	(73,2,19,'pengambilan',3,'2019-09-01 12:12:21'),
	(74,2,19,'pengambilan',0,'2019-10-01 12:12:21'),
	(75,2,19,'pengambilan',3,'2019-11-01 12:12:21'),
	(76,2,19,'pengambilan',9,'2019-12-01 12:12:21'),
	(77,2,20,'pengambilan',3,'2019-09-01 12:12:22'),
	(78,2,20,'pengambilan',0,'2019-10-01 12:12:22'),
	(79,2,20,'pengambilan',3,'2019-11-01 12:12:22'),
	(80,2,20,'pengambilan',17,'2019-12-01 12:12:22'),
	(81,2,21,'pengambilan',1,'2019-09-01 12:12:22'),
	(82,2,21,'pengambilan',0,'2019-10-01 12:12:22'),
	(83,2,21,'pengambilan',0,'2019-11-01 12:12:22'),
	(84,2,21,'pengambilan',21,'2019-12-01 12:12:22'),
	(85,2,22,'pengambilan',4,'2019-09-01 12:12:23'),
	(86,2,22,'pengambilan',0,'2019-10-01 12:12:23'),
	(87,2,22,'pengambilan',3,'2019-11-01 12:12:23'),
	(88,2,22,'pengambilan',0,'2019-12-01 12:12:23'),
	(89,2,23,'pengambilan',0,'2019-09-01 12:12:23'),
	(90,2,23,'pengambilan',0,'2019-10-01 12:12:23'),
	(91,2,23,'pengambilan',0,'2019-11-01 12:12:23'),
	(92,2,23,'pengambilan',0,'2019-12-01 12:12:23'),
	(93,2,24,'pengambilan',0,'2019-09-01 12:12:24'),
	(94,2,24,'pengambilan',0,'2019-10-01 12:12:24'),
	(95,2,24,'pengambilan',0,'2019-11-01 12:12:24'),
	(96,2,24,'pengambilan',0,'2019-12-01 12:12:24'),
	(97,2,25,'pengambilan',2,'2019-09-01 12:12:24'),
	(98,2,25,'pengambilan',0,'2019-10-01 12:12:24'),
	(99,2,25,'pengambilan',0,'2019-11-01 12:12:24'),
	(100,2,25,'pengambilan',0,'2019-12-01 12:12:24'),
	(101,2,26,'pengambilan',0,'2019-09-01 12:12:25'),
	(102,2,26,'pengambilan',0,'2019-10-01 12:12:25'),
	(103,2,26,'pengambilan',0,'2019-11-01 12:12:25'),
	(104,2,26,'pengambilan',0,'2019-12-01 12:12:25'),
	(105,2,27,'pengambilan',1,'2019-09-01 12:12:25'),
	(106,2,27,'pengambilan',0,'2019-10-01 12:12:25'),
	(107,2,27,'pengambilan',0,'2019-11-01 12:12:25'),
	(108,2,27,'pengambilan',0,'2019-12-01 12:12:25'),
	(109,2,28,'pengambilan',0,'2019-09-01 12:12:26'),
	(110,2,28,'pengambilan',0,'2019-10-01 12:12:26'),
	(111,2,28,'pengambilan',1,'2019-11-01 12:12:26'),
	(112,2,28,'pengambilan',0,'2019-12-01 12:12:26'),
	(113,2,29,'pengambilan',5,'2019-09-01 12:12:26'),
	(114,2,29,'pengambilan',0,'2019-10-01 12:12:26'),
	(115,2,29,'pengambilan',0,'2019-11-01 12:12:26'),
	(116,2,29,'pengambilan',3,'2019-12-01 12:12:26'),
	(117,2,30,'pengambilan',0,'2019-09-01 12:12:27'),
	(118,2,30,'pengambilan',0,'2019-10-01 12:12:27'),
	(119,2,30,'pengambilan',2,'2019-11-01 12:12:27'),
	(120,2,30,'pengambilan',4,'2019-12-01 12:12:27'),
	(121,2,31,'pengambilan',0,'2019-09-01 12:12:27'),
	(122,2,31,'pengambilan',0,'2019-10-01 12:12:27'),
	(123,2,31,'pengambilan',0,'2019-11-01 12:12:27'),
	(124,2,31,'pengambilan',0,'2019-12-01 12:12:27'),
	(125,2,32,'pengambilan',3,'2019-09-01 12:12:28'),
	(126,2,32,'pengambilan',0,'2019-10-01 12:12:28'),
	(127,2,32,'pengambilan',1,'2019-11-01 12:12:28'),
	(128,2,32,'pengambilan',1,'2019-12-01 12:12:28'),
	(129,2,33,'pengambilan',3,'2019-09-01 12:12:28'),
	(130,2,33,'pengambilan',2,'2019-10-01 12:12:28'),
	(131,2,33,'pengambilan',5,'2019-11-01 12:12:28'),
	(132,2,33,'pengambilan',6,'2019-12-01 12:12:28'),
	(133,2,34,'pengambilan',0,'2019-09-01 12:12:29'),
	(134,2,34,'pengambilan',0,'2019-10-01 12:12:29'),
	(135,2,34,'pengambilan',1,'2019-11-01 12:12:29'),
	(136,2,34,'pengambilan',4,'2019-12-01 12:12:29'),
	(137,2,35,'pengambilan',0,'2019-09-01 12:12:29'),
	(138,2,35,'pengambilan',0,'2019-10-01 12:12:29'),
	(139,2,35,'pengambilan',0,'2019-11-01 12:12:29'),
	(140,2,35,'pengambilan',4,'2019-12-01 12:12:29'),
	(141,2,1,'penambahan',0,'2019-09-01 12:12:12'),
	(142,2,1,'penambahan',0,'2019-10-01 12:12:12'),
	(143,2,1,'penambahan',6,'2019-11-01 12:12:12'),
	(144,2,1,'penambahan',24,'2019-12-01 12:12:12'),
	(145,2,2,'penambahan',24,'2019-09-01 12:12:13'),
	(146,2,2,'penambahan',0,'2019-10-01 12:12:13'),
	(147,2,2,'penambahan',0,'2019-11-01 12:12:13'),
	(148,2,2,'penambahan',0,'2019-12-01 12:12:13'),
	(149,2,3,'penambahan',12,'2019-09-01 12:12:13'),
	(150,2,3,'penambahan',24,'2019-10-01 12:12:13'),
	(151,2,3,'penambahan',0,'2019-11-01 12:12:13'),
	(152,2,3,'penambahan',60,'2019-12-01 12:12:13'),
	(153,2,4,'penambahan',10,'2019-09-01 12:12:14'),
	(154,2,4,'penambahan',20,'2019-10-01 12:12:14'),
	(155,2,4,'penambahan',0,'2019-11-01 12:12:14'),
	(156,2,4,'penambahan',20,'2019-12-01 12:12:14'),
	(157,2,5,'penambahan',0,'2019-09-01 12:12:14'),
	(158,2,5,'penambahan',20,'2019-10-01 12:12:14'),
	(159,2,5,'penambahan',0,'2019-11-01 12:12:14'),
	(160,2,5,'penambahan',10,'2019-12-01 12:12:14'),
	(161,2,6,'penambahan',0,'2019-09-01 12:12:15'),
	(162,2,6,'penambahan',15,'2019-10-01 12:12:15'),
	(163,2,6,'penambahan',0,'2019-11-01 12:12:15'),
	(164,2,6,'penambahan',0,'2019-12-01 12:12:15'),
	(165,2,7,'penambahan',12,'2019-09-01 12:12:15'),
	(166,2,7,'penambahan',0,'2019-10-01 12:12:15'),
	(167,2,7,'penambahan',0,'2019-11-01 12:12:15'),
	(168,2,7,'penambahan',0,'2019-12-01 12:12:15'),
	(169,2,8,'penambahan',0,'2019-09-01 12:12:16'),
	(170,2,8,'penambahan',15,'2019-10-01 12:12:16'),
	(171,2,8,'penambahan',0,'2019-11-01 12:12:16'),
	(172,2,8,'penambahan',0,'2019-12-01 12:12:16'),
	(173,2,9,'penambahan',0,'2019-09-01 12:12:16'),
	(174,2,9,'penambahan',10,'2019-10-01 12:12:16'),
	(175,2,9,'penambahan',0,'2019-11-01 12:12:16'),
	(176,2,9,'penambahan',0,'2019-12-01 12:12:16'),
	(177,2,10,'penambahan',0,'2019-09-01 12:12:17'),
	(178,2,10,'penambahan',12,'2019-10-01 12:12:17'),
	(179,2,10,'penambahan',0,'2019-11-01 12:12:17'),
	(180,2,10,'penambahan',24,'2019-12-01 12:12:17'),
	(181,2,11,'penambahan',0,'2019-09-01 12:12:17'),
	(182,2,11,'penambahan',24,'2019-10-01 12:12:17'),
	(183,2,11,'penambahan',0,'2019-11-01 12:12:17'),
	(184,2,11,'penambahan',0,'2019-12-01 12:12:17'),
	(185,2,12,'penambahan',12,'2019-09-01 12:12:18'),
	(186,2,12,'penambahan',12,'2019-10-01 12:12:18'),
	(187,2,12,'penambahan',0,'2019-11-01 12:12:18'),
	(188,2,12,'penambahan',0,'2019-12-01 12:12:18'),
	(189,2,13,'penambahan',20,'2019-09-01 12:12:18'),
	(190,2,13,'penambahan',12,'2019-10-01 12:12:18'),
	(191,2,13,'penambahan',0,'2019-11-01 12:12:18'),
	(192,2,13,'penambahan',0,'2019-12-01 12:12:18'),
	(193,2,14,'penambahan',12,'2019-09-01 12:12:19'),
	(194,2,14,'penambahan',0,'2019-10-01 12:12:19'),
	(195,2,14,'penambahan',0,'2019-11-01 12:12:19'),
	(196,2,14,'penambahan',0,'2019-12-01 12:12:19'),
	(197,2,15,'penambahan',5,'2019-09-01 12:12:19'),
	(198,2,15,'penambahan',0,'2019-10-01 12:12:19'),
	(199,2,15,'penambahan',0,'2019-11-01 12:12:19'),
	(200,2,15,'penambahan',0,'2019-12-01 12:12:19'),
	(201,2,16,'penambahan',5,'2019-09-01 12:12:20'),
	(202,2,16,'penambahan',0,'2019-10-01 12:12:20'),
	(203,2,16,'penambahan',0,'2019-11-01 12:12:20'),
	(204,2,16,'penambahan',6,'2019-12-01 12:12:20'),
	(205,2,17,'penambahan',0,'2019-09-01 12:12:20'),
	(206,2,17,'penambahan',12,'2019-10-01 12:12:20'),
	(207,2,17,'penambahan',0,'2019-11-01 12:12:20'),
	(208,2,17,'penambahan',0,'2019-12-01 12:12:20'),
	(209,2,18,'penambahan',0,'2019-09-01 12:12:21'),
	(210,2,18,'penambahan',0,'2019-10-01 12:12:21'),
	(211,2,18,'penambahan',0,'2019-11-01 12:12:21'),
	(212,2,18,'penambahan',0,'2019-12-01 12:12:21'),
	(213,2,19,'penambahan',0,'2019-09-01 12:12:21'),
	(214,2,19,'penambahan',12,'2019-10-01 12:12:21'),
	(215,2,19,'penambahan',0,'2019-11-01 12:12:21'),
	(216,2,19,'penambahan',0,'2019-12-01 12:12:21'),
	(217,2,20,'penambahan',5,'2019-09-01 12:12:22'),
	(218,2,20,'penambahan',12,'2019-10-01 12:12:22'),
	(219,2,20,'penambahan',0,'2019-11-01 12:12:22'),
	(220,2,20,'penambahan',0,'2019-12-01 12:12:22'),
	(221,2,21,'penambahan',0,'2019-09-01 12:12:22'),
	(222,2,21,'penambahan',1,'2019-10-01 12:12:22'),
	(223,2,21,'penambahan',0,'2019-11-01 12:12:22'),
	(224,2,21,'penambahan',120,'2019-12-01 12:12:22'),
	(225,2,22,'penambahan',12,'2019-09-01 12:12:23'),
	(226,2,22,'penambahan',0,'2019-10-01 12:12:23'),
	(227,2,22,'penambahan',0,'2019-11-01 12:12:23'),
	(228,2,22,'penambahan',0,'2019-12-01 12:12:23'),
	(229,2,23,'penambahan',0,'2019-09-01 12:12:23'),
	(230,2,23,'penambahan',0,'2019-10-01 12:12:23'),
	(231,2,23,'penambahan',0,'2019-11-01 12:12:23'),
	(232,2,23,'penambahan',0,'2019-12-01 12:12:23'),
	(233,2,24,'penambahan',0,'2019-09-01 12:12:24'),
	(234,2,24,'penambahan',5,'2019-10-01 12:12:24'),
	(235,2,24,'penambahan',0,'2019-11-01 12:12:24'),
	(236,2,24,'penambahan',0,'2019-12-01 12:12:24'),
	(237,2,25,'penambahan',0,'2019-09-01 12:12:24'),
	(238,2,25,'penambahan',5,'2019-10-01 12:12:24'),
	(239,2,25,'penambahan',0,'2019-11-01 12:12:24'),
	(240,2,25,'penambahan',0,'2019-12-01 12:12:24'),
	(241,2,26,'penambahan',0,'2019-09-01 12:12:25'),
	(242,2,26,'penambahan',5,'2019-10-01 12:12:25'),
	(243,2,26,'penambahan',0,'2019-11-01 12:12:25'),
	(244,2,26,'penambahan',0,'2019-12-01 12:12:25'),
	(245,2,27,'penambahan',0,'2019-09-01 12:12:25'),
	(246,2,27,'penambahan',0,'2019-10-01 12:12:25'),
	(247,2,27,'penambahan',0,'2019-11-01 12:12:25'),
	(248,2,27,'penambahan',0,'2019-12-01 12:12:25'),
	(249,2,28,'penambahan',0,'2019-09-01 12:12:26'),
	(250,2,28,'penambahan',0,'2019-10-01 12:12:26'),
	(251,2,28,'penambahan',0,'2019-11-01 12:12:26'),
	(252,2,28,'penambahan',0,'2019-12-01 12:12:26'),
	(253,2,29,'penambahan',0,'2019-09-01 12:12:26'),
	(254,2,29,'penambahan',0,'2019-10-01 12:12:26'),
	(255,2,29,'penambahan',0,'2019-11-01 12:12:26'),
	(256,2,29,'penambahan',0,'2019-12-01 12:12:26'),
	(257,2,30,'penambahan',0,'2019-09-01 12:12:27'),
	(258,2,30,'penambahan',0,'2019-10-01 12:12:27'),
	(259,2,30,'penambahan',0,'2019-11-01 12:12:27'),
	(260,2,30,'penambahan',0,'2019-12-01 12:12:27'),
	(261,2,31,'penambahan',0,'2019-09-01 12:12:27'),
	(262,2,31,'penambahan',0,'2019-10-01 12:12:27'),
	(263,2,31,'penambahan',0,'2019-11-01 12:12:27'),
	(264,2,31,'penambahan',0,'2019-12-01 12:12:27'),
	(265,2,32,'penambahan',0,'2019-09-01 12:12:28'),
	(266,2,32,'penambahan',0,'2019-10-01 12:12:28'),
	(267,2,32,'penambahan',0,'2019-11-01 12:12:28'),
	(268,2,32,'penambahan',0,'2019-12-01 12:12:28'),
	(269,2,33,'penambahan',0,'2019-09-01 12:12:28'),
	(270,2,33,'penambahan',10,'2019-10-01 12:12:28'),
	(271,2,33,'penambahan',0,'2019-11-01 12:12:28'),
	(272,2,33,'penambahan',24,'2019-12-01 12:12:28'),
	(273,2,34,'penambahan',0,'2019-09-01 12:12:29'),
	(274,2,34,'penambahan',0,'2019-10-01 12:12:29'),
	(275,2,34,'penambahan',0,'2019-11-01 12:12:29'),
	(276,2,34,'penambahan',5,'2019-12-01 12:12:29'),
	(277,2,35,'penambahan',0,'2019-09-01 12:12:29'),
	(278,2,35,'penambahan',0,'2019-10-01 12:12:29'),
	(279,2,35,'penambahan',0,'2019-11-01 12:12:29'),
	(280,2,35,'penambahan',5,'2019-12-01 12:12:29');
ALTER TABLE `transaksi` ENABLE KEYS;
UNLOCK TABLES;


LOCK TABLES `users` WRITE;
ALTER TABLE `users` DISABLE KEYS;
INSERT INTO `users` (`id`, `email`, `password`, `username`, `status`, `verified`, `resettable`, `roles_mask`, `registered`, `last_login`, `force_logout`) VALUES 
	(6,'admin@local.com','$2y$10$NDSkEhV75a.qWMgIonaB8epA.9qnEeY6mQYigBO8CRzmOjpsIQa96','admin',0,1,1,262144,1611639546,1611742118,0),
	(8,'husein_arbi@local.com','$2y$10$2jbAx6covVVixjSOnI6pxep/CApPYal6KSAM.p8w5lS7pRCOLhURi','husein_arbi',0,1,1,262144,1611639615,1611742080,0),
	(7,'waritsu@local.com','$2y$10$BZG.aBF0jWsGTlPQN.P4iOFEdL4MhMW3/IzeU2b6oxdrbsOVb9Ph6','waritsu',0,1,1,1024,1611639593,1611742090,0);
ALTER TABLE `users` ENABLE KEYS;
UNLOCK TABLES;


LOCK TABLES `users_confirmations` WRITE;
ALTER TABLE `users_confirmations` DISABLE KEYS;
ALTER TABLE `users_confirmations` ENABLE KEYS;
UNLOCK TABLES;


LOCK TABLES `users_remembered` WRITE;
ALTER TABLE `users_remembered` DISABLE KEYS;
ALTER TABLE `users_remembered` ENABLE KEYS;
UNLOCK TABLES;


LOCK TABLES `users_resets` WRITE;
ALTER TABLE `users_resets` DISABLE KEYS;
ALTER TABLE `users_resets` ENABLE KEYS;
UNLOCK TABLES;


LOCK TABLES `users_throttling` WRITE;
ALTER TABLE `users_throttling` DISABLE KEYS;
INSERT INTO `users_throttling` (`bucket`, `tokens`, `replenished_at`, `expires_at`) VALUES 
	('DIEqWmcgZgvuG1IfLKdUijrNvgKvhQhCYyv6HVNHOos',499,1611742069,1611914869),
	('OMhkmdh1HUEdNPRi-Pe4279tbL5SQ-WMYf551VVvH8U',19,1611742069,1611778069),
	('QduM75nGblH2CDKFyk0QeukPOwuEVDAUFE54ITnHM38',71.0137,1611742118,1612282118);
ALTER TABLE `users_throttling` ENABLE KEYS;
UNLOCK TABLES;




SET FOREIGN_KEY_CHECKS = @PREVIOUS_FOREIGN_KEY_CHECKS;


